,sku ,title,description,price,rating,review,img5,categories
1200,1200,Summer Mens Line Knitted Round Neck Half Tshirt,"Embroidered logo at front
Material: Cotton Neck: Ribbed crew neck
Sleeves: Short sleeves",1300,no rating,no review, https://cdn.sastodeal.com/catalog/product/19152/TOMMYT-01/GV3A0582.jpg,Clothing
1201,1201,Mens Regular Fit Polo T-shirt,"Fit: Regular
Fit Pattern: Solid
Occasion: Casual
Material: Cotton
Sleeves: Half Sleeves
Neck: Polo Neck",1375,no rating,no review, https://cdn.sastodeal.com/catalog/product/19152/TOMMYT-01/GV3A0582.jpg,Clothing
1202,1202,EMPRECO Mens Text Printed Half Tshirt,"Text Printed
Fit Type: Regular
Material: Cotton Sleeves: Half Sleeves
Neck: Round Neck",1100,no rating,no review, https://cdn.sastodeal.com/catalog/product/19152/TOMMYT-01/GV3A0582.jpg,Clothing
1203,1203,DRJ Sport Tshirt For Men,"Fit Type: Regular
Material: Polyester
Sleeves: Half Sleeves
Neck: Round Neck
Wash Care: Machine wash cold wash dark colours separately delicate cycle do not bleach line dry in shade",1250,no rating,no review, https://cdn.sastodeal.com/catalog/product/19152/TOMMYT-01/GV3A0582.jpg,Clothing
1204,1204,Low Expectations High Hope Printed Black T-shirt,"Material: Cotton
Neck Type: Round Neck
Sleeves: half Sleeve
Style: Plain
Fit: Loose Fit
Type: Unisex",1200,no rating,no review, https://cdn.sastodeal.com/catalog/product/19152/TOMMYT-01/GV3A0582.jpg,Clothing
1205,1205,Men Shirt,"Product Details:

100% Cotton
Gender:Male",1299,no rating,no review, https://cdn.sastodeal.com/catalog/product/19152/TOMMYT-01/GV3A0582.jpg,Clothing
1206,1206,Men Summer Shirt By Bajrang Fashion - BFJ-10,Material:Fit: Regular FitSuitable For: MenWash Care: Machine / Hand Wash: Donot Bleach,1400,no rating,no review, https://cdn.sastodeal.com/catalog/product/19152/TOMMYT-01/GV3A0582.jpg,Clothing
1207,1207,Bajrang Fashion Men Shirt - BF06,Material: cotton Fit: Regular FitSuitable For: MenWash Care: Machine / Hand Wash: Donot Bleach,1400,no rating,no review, https://cdn.sastodeal.com/catalog/product/19152/TOMMYT-01/GV3A0582.jpg,Clothing
1208,1208,Men Summer Shirt,"Button closure
Machine Wash
FABRIC: Cotton
HAWAIIAN STYLE:Regular fitspread collar and short sleeves button down styleTylish and Bright All Print Designfull of tropical style and resort style.
NOT SHRINK AFTER WASHED:Regular Machine Wash/Line dry/Do not bleachThe Hawaiian shirts will not wrinkle or shrink after washing.




OCCASION:Great for summer vacations like campsun beachcruisehawaiian partyravesmusic festivals ect.Perfect Hawaiian Button Down Shirts for Men/Women.
SIZE/FIT:Shirt is a Regular SizeM/L/XL.",1400,no rating,no review, https://cdn.sastodeal.com/catalog/product/19152/TOMMYT-01/GV3A0582.jpg,Clothing
1209,1209,Men Summer Shirt,"Button closure
Machine Wash
FABRIC: Cotton
HAWAIIAN STYLE:Regular fitspread collar and short sleeves button down styleTylish and Bright All Print Designfull of tropical style and resort style.
NOT SHRINK AFTER WASHED:Regular Machine Wash/Line dry/Do not bleachThe Hawaiian shirts will not wrinkle or shrink after washing.




OCCASION:Great for summer vacations like campsun beachcruisehawaiian partyravesmusic festivals ect.Perfect Hawaiian Button Down Shirts for Men/Women.
SIZE/FIT:Shirt is a Regular SizeM/L/XL.",1400,no rating,no review, https://cdn.sastodeal.com/catalog/product/19152/TOMMYT-01/GV3A0582.jpg,Clothing
1210,1210,Men Summer Shirt,"Button closure
Machine Wash
FABRIC: Cotton
HAWAIIAN STYLE:Regular fitspread collar and short sleeves button down styleTylish and Bright All Print Designfull of tropical style and resort style.
NOT SHRINK AFTER WASHED:Regular Machine Wash/Line dry/Do not bleachThe Hawaiian shirts will not wrinkle or shrink after washing.




OCCASION:Great for summer vacations like campsun beachcruisehawaiian partyravesmusic festivals ect.Perfect Hawaiian Button Down Shirts for Men/Women.
SIZE/FIT:Shirt is a Regular SizeM/L/XL.",1400,no rating,no review, https://cdn.sastodeal.com/catalog/product/19152/TOMMYT-01/GV3A0582.jpg,Clothing
1211,1211,Bajrang Fashion Men Half Shirt - BF03,Material: cotton Fit: Regular FitSuitable For: MenWash Care: Machine / Hand Wash: Donot Bleach,1400,no rating,no review, https://cdn.sastodeal.com/catalog/product/19152/TOMMYT-01/GV3A0582.jpg,Clothing
1212,1212,Men Summer Shirt,"Button closure
Machine Wash
FABRIC: Cotton
HAWAIIAN STYLE:Regular fitspread collar and short sleeves button down styleTylish and Bright All Print Designfull of tropical style and resort style.
NOT SHRINK AFTER WASHED:Regular Machine Wash/Line dry/Do not bleachThe Hawaiian shirts will not wrinkle or shrink after washing.




OCCASION:Great for summer vacations like campsun beachcruisehawaiian partyravesmusic festivals ect.Perfect Hawaiian Button Down Shirts for Men/Women.
SIZE/FIT:Shirt is a Regular SizeM/L/XL.",1400,no rating,no review, https://cdn.sastodeal.com/catalog/product/19152/TOMMYT-01/GV3A0582.jpg,Clothing
1213,1213,Enjoy Your Problems Bye Printed Black T-shirt,"Material: Cotton
Neck Type: Round Neck
Sleeves: half Sleeve
Style: Plain
Fit: Loose Fit
Type: Unisex",1200,no rating,no review, https://cdn.sastodeal.com/catalog/product/19152/TOMMYT-01/GV3A0582.jpg,Clothing
1214,1214,Plain Orange Polo T-shirt,"Material : Cotton
Neck : Lapel collar
Sleeves : Half
Durable and comfortable
Fashionable and unique",1300,no rating,no review, https://cdn.sastodeal.com/catalog/product/19152/TOMMYT-01/GV3A0582.jpg,Clothing
1215,1215,Blue Stripe Polo T-shirt for Men,"Material : Cotton
Neck : Lapel collar
Sleeves : Half
Durable and comfortable
Fashionable and unique",1300,no rating,no review, https://cdn.sastodeal.com/catalog/product/19152/TOMMYT-01/GV3A0582.jpg,Clothing
1216,1216,Be Kind Printed White T-shirt,"Material: Cotton
Neck Type: Round Neck
Sleeves: half Sleeve
Style: Plain
Fit: Loose Fit
Type: Unisex",1200,no rating,no review, https://cdn.sastodeal.com/catalog/product/19152/TOMMYT-01/GV3A0582.jpg,Clothing
1217,1217,Hills & Clouds Graphic Series White T-Shirt [Aham Bramasmi (Skull)],"Crafted from a 100% High Quality Cotton
Breathable finish for your skin
Soft To The Touch
Collar Round Polo T-Shirt For Men
Machine Wash Hand wash",899,no rating,no review, https://cdn.sastodeal.com/catalog/product/19152/TOMMYT-01/GV3A0582.jpg,Clothing
1218,1218,Hills & Clouds Graphic Series Light Blue T-Shirt [Aham Bramasmi (Skull)],"Crafted from a 100% High Quality Cotton
Breathable finish for your skin
Soft To The Touch
Collar Round Polo T-Shirt For Men
Machine Wash Hand wash",899,no rating,no review, https://cdn.sastodeal.com/catalog/product/19152/TOMMYT-01/GV3A0582.jpg,Clothing
1219,1219,Hills & Clouds Graphic Series Grey T-Shirt [Aham Bramasmi (Skull)],"Crafted from a 100% High Quality Cotton
Breathable finish for your skin
Soft To The Touch
Collar Round Polo T-Shirt For Men
Machine Wash Hand wash",899,no rating,no review, https://cdn.sastodeal.com/catalog/product/19152/TOMMYT-01/GV3A0582.jpg,Clothing
1220,1220,Black Half Pant,•Material : Cotton•Style : Regular•Type: Solid•Pocket : Multi-Pockets•Wash/Care : Hand Wash  Dry in shade.•Free Size•stylish•Perfect for summer•Comfort for the man for their outdoor activities,1000,no rating,no review, https://cdn.sastodeal.com/catalog/product/19152/ASPOLO-01/GV3A0593.jpg,Clothing
1221,1221,Multi-Coloured Half Pant,•Material : Cotton•Style : Regular•Type: Solid•Pocket : Multi-Pockets•Wash/Care : Hand Wash  Dry in shade.•Free Size•stylish•Perfect for summer•Comfort for the man for their outdoor activities,1000,no rating,no review, https://cdn.sastodeal.com/catalog/product/19152/ASPOLO-01/GV3A0593.jpg,Clothing
1222,1222,Multi-Coloured Half Pant,•Material : Cotton•Style : Regular•Type: Solid•Pocket : Multi-Pockets•Wash/Care : Hand Wash  Dry in shade.•Free Size•stylish•Perfect for summer•Comfort for the man for their outdoor activities,1000,no rating,no review, https://cdn.sastodeal.com/catalog/product/19152/ASPOLO-01/GV3A0593.jpg,Clothing
1223,1223,Multi-Coloured Half Pant,•Material : Cotton•Style : Regular•Type: Solid•Pocket : Multi-Pockets•Wash/Care : Hand Wash  Dry in shade.•Free Size•stylish•Perfect for summer•Comfort for the man for their outdoor activities,1000,no rating,no review, https://cdn.sastodeal.com/catalog/product/19152/ASPOLO-01/GV3A0593.jpg,Clothing
1224,1224,Multi-Coloured Half Pant,•Material : Cotton•Style : Regular•Type: Solid•Pocket : Multi-Pockets•Wash/Care : Hand Wash  Dry in shade.•Free Size•stylish•Perfect for summer•Comfort for the man for their outdoor activities,1000,no rating,no review, https://cdn.sastodeal.com/catalog/product/19152/ASPOLO-01/GV3A0593.jpg,Clothing
1225,1225,Superman By Free Authority Blue Shorts For Men SP0GMB171,"Crafted Out Of Cotton which is biowashed for smooth feel and befriend to skin
This featuring can be worn for any occasion or a casual day.
Sleeves : Half Sleeves
Pattern Coverage : Chest
Pattern : Printed
Weave Type : Knit
Wash Type : Hand Wash",2097,no rating,no review, https://cdn.sastodeal.com/catalog/product/19152/ASPOLO-01/GV3A0593.jpg,Clothing
1226,1226,Men Summer Shirt,"Button closure
Machine Wash
FABRIC: Cotton
HAWAIIAN STYLE:Regular fitspread collar and short sleeves button down styleTylish and Bright All Print Designfull of tropical style and resort style.
NOT SHRINK AFTER WASHED:Regular Machine Wash/Line dry/Do not bleachThe Hawaiian shirts will not wrinkle or shrink after washing.




OCCASION:Great for summer vacations like campsun beachcruisehawaiian partyravesmusic festivals ect.Perfect Hawaiian Button Down Shirts for Men/Women.
SIZE/FIT:Shirt is a Regular SizeM/L/XL.",1400,no rating,no review, https://cdn.sastodeal.com/catalog/product/19152/ASPOLO-01/GV3A0593.jpg,Clothing
1227,1227,Hills & Clouds Graphic Series Navy Blue T-Shirt [Aham Bramasmi (Skull)],"Crafted from a 100% High Quality Cotton
Breathable finish for your skin
Soft To The Touch
Collar Round Polo T-Shirt For Men
Machine Wash Hand wash",899,no rating,no review, https://cdn.sastodeal.com/catalog/product/19152/ASPOLO-01/GV3A0593.jpg,Clothing
1228,1228,Hills & Clouds Graphic Series White T-Shirt (I Am Satisfied),"Crafted from a 100% High Quality Cotton
Breathable finish for your skin
Soft To The Touch
Collar Round Polo T-Shirt For Men
Machine Wash Hand wash",899,no rating,no review, https://cdn.sastodeal.com/catalog/product/19152/ASPOLO-01/GV3A0593.jpg,Clothing
1229,1229,Hills & Clouds Graphic Series Maroon T-Shirt (I Am Satisfied),"Crafted from a 100% High Quality Cotton
Breathable finish for your skin
Soft To The Touch
Collar Round Polo T-Shirt For Men
Machine Wash Hand wash",899,no rating,no review, https://cdn.sastodeal.com/catalog/product/19152/ASPOLO-01/GV3A0593.jpg,Clothing
1230,1230,Hills & Clouds Graphic Series Light Blue T-Shirt (I Am Satisfied),"Crafted from a 100% High Quality Cotton
Breathable finish for your skin
Soft To The Touch
Collar Round Polo T-Shirt For Men
Machine Wash Hand wash",899,no rating,no review, https://cdn.sastodeal.com/catalog/product/19152/ASPOLO-01/GV3A0593.jpg,Clothing
1231,1231,100% Cotton Anime Printed Tshirt by Bajrang,"Material: Cotton
Neck Type: Round Neck
Sleeves: half Sleeve
Style: Plain
Fit: Loose Fit
Type: Unisex",1200,no rating,no review, https://cdn.sastodeal.com/catalog/product/19152/ASPOLO-01/GV3A0593.jpg,Clothing
1232,1232,Men Summer Shirt,"Button closure
Machine Wash
FABRIC: Cotton
HAWAIIAN STYLE:Regular fitspread collar and short sleeves button down styleTylish and Bright All Print Designfull of tropical style and resort style.
NOT SHRINK AFTER WASHED:Regular Machine Wash/Line dry/Do not bleachThe Hawaiian shirts will not wrinkle or shrink after washing.




OCCASION:Great for summer vacations like campsun beachcruisehawaiian partyravesmusic festivals ect.Perfect Hawaiian Button Down Shirts for Men/Women.
SIZE/FIT:Shirt is a Regular SizeM/L/XL.",1400,no rating,no review, https://cdn.sastodeal.com/catalog/product/19152/ASPOLO-01/GV3A0593.jpg,Clothing
1233,1233,Men Summer Shirt,"Button closure
Machine Wash
FABRIC: Cotton
HAWAIIAN STYLE:Regular fitspread collar and short sleeves button down styleTylish and Bright All Print Designfull of tropical style and resort style.
NOT SHRINK AFTER WASHED:Regular Machine Wash/Line dry/Do not bleachThe Hawaiian shirts will not wrinkle or shrink after washing.




OCCASION:Great for summer vacations like campsun beachcruisehawaiian partyravesmusic festivals ect.Perfect Hawaiian Button Down Shirts for Men/Women.
SIZE/FIT:Shirt is a Regular SizeM/L/XL.",1400,no rating,no review, https://cdn.sastodeal.com/catalog/product/19152/ASPOLO-01/GV3A0593.jpg,Clothing
1234,1234,Men Summer Shirt,"Button closure
Machine Wash
FABRIC: Cotton
HAWAIIAN STYLE:Regular fitspread collar and short sleeves button down styleTylish and Bright All Print Designfull of tropical style and resort style.
NOT SHRINK AFTER WASHED:Regular Machine Wash/Line dry/Do not bleachThe Hawaiian shirts will not wrinkle or shrink after washing.




OCCASION:Great for summer vacations like campsun beachcruisehawaiian partyravesmusic festivals ect.Perfect Hawaiian Button Down Shirts for Men/Women.
SIZE/FIT:Shirt is a Regular SizeM/L/XL.",1400,no rating,no review, https://cdn.sastodeal.com/catalog/product/19152/ASPOLO-01/GV3A0593.jpg,Clothing
1235,1235,Men Summer Shirt,"Button closure
Machine Wash
FABRIC: Cotton
HAWAIIAN STYLE:Regular fitspread collar and short sleeves button down styleTylish and Bright All Print Designfull of tropical style and resort style.
NOT SHRINK AFTER WASHED:Regular Machine Wash/Line dry/Do not bleachThe Hawaiian shirts will not wrinkle or shrink after washing.




OCCASION:Great for summer vacations like campsun beachcruisehawaiian partyravesmusic festivals ect.Perfect Hawaiian Button Down Shirts for Men/Women.
SIZE/FIT:Shirt is a Regular SizeM/L/XL.",1400,no rating,no review, https://cdn.sastodeal.com/catalog/product/19152/ASPOLO-01/GV3A0593.jpg,Clothing
1236,1236,Men Summer Shirt,"Button closure
Machine Wash
FABRIC: Cotton
HAWAIIAN STYLE:Regular fitspread collar and short sleeves button down styleTylish and Bright All Print Designfull of tropical style and resort style.
NOT SHRINK AFTER WASHED:Regular Machine Wash/Line dry/Do not bleachThe Hawaiian shirts will not wrinkle or shrink after washing.




OCCASION:Great for summer vacations like campsun beachcruisehawaiian partyravesmusic festivals ect.Perfect Hawaiian Button Down Shirts for Men/Women.
SIZE/FIT:Shirt is a Regular SizeM/L/XL.",1400,no rating,no review, https://cdn.sastodeal.com/catalog/product/19152/ASPOLO-01/GV3A0593.jpg,Clothing
1237,1237,100% Cotton Anime Printed Tshirt by Bajrang,"Material: Cotton
Neck Type: Round Neck
Sleeves: half Sleeve
Style: Plain
Fit: Loose Fit
Type: Unisex",1200,no rating,no review, https://cdn.sastodeal.com/catalog/product/19152/ASPOLO-01/GV3A0593.jpg,Clothing
1238,1238,New York Printed Black T-shirt for Men,"Material: Cotton
Neck Type: Round Neck
Sleeves: half Sleeve
Style: Plain
Fit: Loose Fit
Type: Unisex",1200,no rating,no review, https://cdn.sastodeal.com/catalog/product/19152/ASPOLO-01/GV3A0593.jpg,Clothing
1239,1239,Led-Zeppelin Printed Black T-shirt,"Material: Cotton
Neck Type: Round Neck
Sleeves: half Sleeve
Style: Plain
Fit: Loose Fit
Type: Unisex",1200,no rating,no review, https://cdn.sastodeal.com/catalog/product/19152/ASPOLO-01/GV3A0593.jpg,Clothing
1240,1240,100% Cotton Anime Printed Tshirt by Bajrang,"Material: Cotton
Neck Type: Round Neck
Sleeves: half Sleeve
Style: Plain
Fit: Loose Fit
Type: Unisex",1200,no rating,no review, https://cdn.sastodeal.com/catalog/product/19152/THALF-01/GV3A0661.jpg,Clothing
1241,1241,100% Cotton Anime Printed Tshirt by Bajrang,"Material: Cotton
Neck Type: Round Neck
Sleeves: half Sleeve
Style: Plain
Fit: Loose Fit
Type: Unisex",1200,no rating,no review, https://cdn.sastodeal.com/catalog/product/19152/THALF-01/GV3A0661.jpg,Clothing
1242,1242,Megadeath Printed Black T-shirt,"Material: Cotton
Neck Type: Round Neck
Sleeves: half Sleeve
Style: Plain
Fit: Loose Fit
Type: Unisex",1200,no rating,no review, https://cdn.sastodeal.com/catalog/product/19152/THALF-01/GV3A0661.jpg,Clothing
1243,1243,Sukuna Anime Printed T-shirt,"Material: Cotton
Neck Type: Round Neck
Sleeves: half Sleeve
Style: Plain
Fit: Loose Fit
Type: Unisex",1200,no rating,no review, https://cdn.sastodeal.com/catalog/product/19152/THALF-01/GV3A0661.jpg,Clothing
1244,1244,Summer Line Cotton Half Shirt For Men,"Materials: Cotton
Style: Solid Fit: Regular
Sleeves: Half Sleeves
Wash Care: Hand Wash/ Machine Wash/ Do not Bleach",1530,no rating,no review, https://cdn.sastodeal.com/catalog/product/19152/THALF-01/GV3A0661.jpg,Clothing
1245,1245,Summer Floral Cotton Half Shirt For Men,"Pattern: Floral
Fabric : Cotton
Neck-Type: Shirt Collar
Sleeve Length : Half Sleeves
Care:Dry Clean only",1530,no rating,no review, https://cdn.sastodeal.com/catalog/product/19152/THALF-01/GV3A0661.jpg,Clothing
1246,1246,Pink Floyd Black Printed T-shirt for Men,"Material: Cotton
Neck Type: Round Neck
Sleeves: half Sleeve
Style: Plain
Fit: Loose Fit
Type: Unisex",1200,no rating,no review, https://cdn.sastodeal.com/catalog/product/19152/THALF-01/GV3A0661.jpg,Clothing
1247,1247,Summer Dot Cotton Half Shirt For Men,"Material: 100 Percent Premium Cotton (Silk Finished)
Fit: Regular Sleeve: Half
Occasion: Casual or Formal
Pattern: Dot Printed
Closure: Button",1530,no rating,no review, https://cdn.sastodeal.com/catalog/product/19152/THALF-01/GV3A0661.jpg,Clothing
1248,1248,White Printed T-shirt with Star For Men,"Material: Cotton
Neck Type: Round Neck
Sleeves: half Sleeve
Style: Plain
Fit: Loose Fit
Type: Unisex",1200,no rating,no review, https://cdn.sastodeal.com/catalog/product/19152/THALF-01/GV3A0661.jpg,Clothing
1249,1249,Men Summer Shirt,"Button closure
Machine Wash
FABRIC: Cotton
HAWAIIAN STYLE:Regular fitspread collar and short sleeves button down styleTylish and Bright All Print Designfull of tropical style and resort style.
NOT SHRINK AFTER WASHED:Regular Machine Wash/Line dry/Do not bleachThe Hawaiian shirts will not wrinkle or shrink after washing.




OCCASION:Great for summer vacations like campsun beachcruisehawaiian partyravesmusic festivals ect.Perfect Hawaiian Button Down Shirts for Men/Women.
SIZE/FIT:Shirt is a Regular SizeM/L/XL.",1400,no rating,no review, https://cdn.sastodeal.com/catalog/product/19152/THALF-01/GV3A0661.jpg,Clothing
1250,1250,Men Half Shirt Black,"Black Half Sleeved Shirt
Stylish and Comfortable
Available Sizes: M L and XL
Material: Soft Cotton
Machine Wash",1400,no rating,no review, https://cdn.sastodeal.com/catalog/product/19152/THALF-01/GV3A0661.jpg,Clothing
1251,1251,Men Summer Shirt Blue,"Material : 100% Refind Cotton
Sleeve: Half
Style : Plain
Machine/Hand Wash
Will Shrink In First Wash",1400,no rating,no review, https://cdn.sastodeal.com/catalog/product/19152/THALF-01/GV3A0661.jpg,Clothing
1252,1252,Amul Comfy Mens Vest 100% Cotton RN (Pack Of 5),"Brand:Amul
Pack Of 5pcs
100% Cotton
Superior Quality Product
Superb Durability
Knitted From The Best Combed Cotton
Most Comfortable And Absorbent Innerwear
Long Last
It Has Been Cut And Stiched To Fit You Perfectly
Made In India",799,no rating,no review, https://cdn.sastodeal.com/catalog/product/19152/THALF-01/GV3A0661.jpg,Clothing
1253,1253,Amul Comfy Mens Vest 100% Cotton RN (Pack Of 3),"Brand:Amul
Pack Of 3pcs
100% Cotton
Superior Quality Product
Superb Durability
Knitted From The Best Combed Cotton
Most Comfortable And Absorbent Innerwear
Long Last
It Has Been Cut And Stiched To Fit You Perfectly
Made In India",510,no rating,no review, https://cdn.sastodeal.com/catalog/product/19152/THALF-01/GV3A0661.jpg,Clothing
1254,1254,Amul Comfy Mens Vest 100% Cotton RN (Pack Of 2),"Brand: Amul
Pack Of 2pcs
100% Cotton
Superior Quality Product
Superb Durability
Knitted From The Best Combed Cotton
Most Comfortable And Absorbent Innerwear
Long Last
It Has Been Cut And Stiched To Fit You Perfectly
Made In India",350,no rating,no review, https://cdn.sastodeal.com/catalog/product/19152/THALF-01/GV3A0661.jpg,Clothing
1255,1255,Solid Daura Suruwal For Men,"Material: MixCotton
Pattern: Solid
Daura Sleeves: Full Sleeve
Daura Closure: Laced
Suruwal Closure: Drawstring
Set of Daura and Suruwal",1800,no rating,no review, https://cdn.sastodeal.com/catalog/product/19152/THALF-01/GV3A0661.jpg,Clothing
1256,1256,Set Of windcheater  Trouser and T-shirt,"Product details:

Fabric: cocobud and ibud
Comfortable
Gender:Male",1490,no rating,no review, https://cdn.sastodeal.com/catalog/product/19152/THALF-01/GV3A0661.jpg,Clothing
1257,1257,Set Of Summer jacket  Trouser and T-shirt,"Product details:

Fabric: cocobud and ibud
Comfortable
Gender:Male",1490,no rating,no review, https://cdn.sastodeal.com/catalog/product/19152/THALF-01/GV3A0661.jpg,Clothing
1258,1258,Beige Cotton Poplin chino,"Product Details:

Material: Cotton
Comfortable
Gender:Male",699,no rating,no review, https://cdn.sastodeal.com/catalog/product/19152/THALF-01/GV3A0661.jpg,Clothing
1259,1259,Army Green Cotton Poplin chino,"Product Details:

Material: Cotton
Comfortable
Gender:Male",699,no rating,no review, https://cdn.sastodeal.com/catalog/product/19152/THALF-01/GV3A0661.jpg,Clothing
1260,1260,Black Cotton Poplin chino,"Product Details:

Material: Cotton
Comfortable
Gender:Male",699,no rating,no review, https://cdn.sastodeal.com/catalog/product/19152/DRJ-01/GV3A0762.jpg,Clothing
1261,1261,Brown T-shirt for Men,"Material: Cotton
Neck Type: Round Neck
Sleeves: half Sleeve
Style: Plain
Fit: Loose Fit
Type: Unisex",790,no rating,no review, https://cdn.sastodeal.com/catalog/product/19152/DRJ-01/GV3A0762.jpg,Clothing
1262,1262,Bring me the Horizon Printed Black T-shirt for Men by Bajrang,"Material: Cotton
Neck Type: Round Neck
Sleeves: half Sleeve
Style: Plain
Fit: Loose Fit
Type: Unisex",1200,no rating,no review, https://cdn.sastodeal.com/catalog/product/19152/DRJ-01/GV3A0762.jpg,Clothing
1263,1263,Black T-shirt,"Sleeve Length(cm): Short
Origin: CN(Origin)
Material: Cotton
Style: Casual
Collar: O-Neck
Fabric Type: Broadcloth",790,no rating,no review, https://cdn.sastodeal.com/catalog/product/19152/DRJ-01/GV3A0762.jpg,Clothing
1264,1264,Plain Black Polo T-shirt for Men,"Material : Cotton
Neck : Lapel collar
Sleeves : Half
Durable and comfortable
Fashionable and unique",1300,no rating,no review, https://cdn.sastodeal.com/catalog/product/19152/DRJ-01/GV3A0762.jpg,Clothing
1265,1265,Tupac Black Printed T-shirt for Men,"Material: Cotton
Neck Type: Round Neck
Sleeves: half Sleeve
Style: Plain
Fit: Loose Fit
Type: Unisex",1200,no rating,no review, https://cdn.sastodeal.com/catalog/product/19152/DRJ-01/GV3A0762.jpg,Clothing
1266,1266,100% Cotton Alive WorldWideBlack Printed T-shirt for Men,"Material: Cotton
Neck Type: Round Neck
Sleeves: half Sleeve
Style: Plain
Fit: Loose Fit
Type: Unisex",1200,no rating,no review, https://cdn.sastodeal.com/catalog/product/19152/DRJ-01/GV3A0762.jpg,Clothing
1267,1267,Dark Grey Black Striped Polo T-shirt for Men,"Material : Cotton
Neck : Lapel collar
Sleeves : Half
Durable and comfortable
Fashionable and unique",1300,no rating,no review, https://cdn.sastodeal.com/catalog/product/19152/DRJ-01/GV3A0762.jpg,Clothing
1268,1268,Black & White Mixed Stripe Grey Polo T-shirt for Men,"Material : Cotton
Neck : Lapel collar
Sleeves : Half
Durable and comfortable
Fashionable and unique",1300,no rating,no review, https://cdn.sastodeal.com/catalog/product/19152/DRJ-01/GV3A0762.jpg,Clothing
1269,1269,Dark Blue & Light Blue Mixed Stripe Grey Polo T-shirt for Men,"Material : Cotton
Neck : Lapel collar
Sleeves : Half
Durable and comfortable
Fashionable and unique",1300,no rating,no review, https://cdn.sastodeal.com/catalog/product/19152/DRJ-01/GV3A0762.jpg,Clothing
1270,1270,White Hand Printed T-shirt for Men,"Material: Cotton
Neck Type: Round Neck
Sleeves: half Sleeve
Style: Plain
Fit: Loose Fit
Type: Unisex",1200,no rating,no review, https://cdn.sastodeal.com/catalog/product/19152/DRJ-01/GV3A0762.jpg,Clothing
1271,1271,Yellow Stripe Polo T-shirt for Men,"Material : Cotton
Neck : Lapel collar
Sleeves : Half
Durable and comfortable
Fashionable and unique",1300,no rating,no review, https://cdn.sastodeal.com/catalog/product/19152/DRJ-01/GV3A0762.jpg,Clothing
1272,1272,In Nothing We Trust Printed White T-shirt for Men,"Material: Cotton
Neck Type: Round Neck
Sleeves: half Sleeve
Style: Plain
Fit: Loose Fit
Type: Unisex",1200,no rating,no review, https://cdn.sastodeal.com/catalog/product/19152/DRJ-01/GV3A0762.jpg,Clothing
1273,1273,Black Guns N Roses Print T-shirt for Men,"Material: Cotton
Neck Type: Round Neck
Sleeves: half Sleeve
Style: Plain
Fit: Loose Fit
Type: Unisex",1200,no rating,no review, https://cdn.sastodeal.com/catalog/product/19152/DRJ-01/GV3A0762.jpg,Clothing
1274,1274,Light Green Polo T-shirt for Men,"Material : Cotton
Neck : Lapel collar
Sleeves : Half
Durable and comfortable
Fashionable and unique",1300,no rating,no review, https://cdn.sastodeal.com/catalog/product/19152/DRJ-01/GV3A0762.jpg,Clothing
1275,1275,100% Cotton Black Anime Printed T-shirt for Men,"Material: Cotton
Neck Type: Round Neck
Sleeves: half Sleeve
Style: Plain
Fit: Loose Fit
Type: Unisex",1200,no rating,no review, https://cdn.sastodeal.com/catalog/product/19152/DRJ-01/GV3A0762.jpg,Clothing
1276,1276,White Essential Printed T-shirt for Men,"Material: Cotton
Neck Type: Round Neck
Sleeves: half Sleeve
Style: Plain
Fit: Loose Fit
Type: Unisex",1200,no rating,no review, https://cdn.sastodeal.com/catalog/product/19152/DRJ-01/GV3A0762.jpg,Clothing
1277,1277,100% Cotton Black Printed T-shirt for Men,"Material: Cotton
Neck Type: Round Neck
Sleeves: half Sleeve
Style: Plain
Fit: Loose Fit
Type: Unisex",1200,no rating,no review, https://cdn.sastodeal.com/catalog/product/19152/DRJ-01/GV3A0762.jpg,Clothing
1278,1278,White Polo T-shirt for Men,"Material : Cotton
Neck : Lapel collar
Sleeves : Half
Durable and comfortable
Fashionable and unique",1300,no rating,no review, https://cdn.sastodeal.com/catalog/product/19152/DRJ-01/GV3A0762.jpg,Clothing
1279,1279,Yellow Polo T-shirt for Men,"Material : Cotton
Neck : Lapel collar
Sleeves : Half
Durable and comfortable
Fashionable and unique",1300,no rating,no review, https://cdn.sastodeal.com/catalog/product/19152/DRJ-01/GV3A0762.jpg,Clothing
1280,1280,Green Summer Windcheater For Men,"Material: Tofeta
Wind Proof
Water Proof

Size Chart



size
Length
Sleeve
Chest


L
26""
24""
42""


M
25""
23""
41""",999,no rating,no review, https://cdn.sastodeal.com/catalog/product/1/1/113_2.jpg,Clothing
1281,1281,Blue Summer Windcheater For Men,"Material: Tofeta
Wind Proof
Water Proof

Size Chart



size
Length
Sleeve
Chest


L
26""
24""
42""


M
25""
23""
41""",999,no rating,no review, https://cdn.sastodeal.com/catalog/product/1/1/113_2.jpg,Clothing
1282,1282,Black Summer Windcheater For Men,"Material: Tofeta
Wind Proof
Water Proof

Size Chart



size
Length
Sleeve
Chest


L
26""
24""
42""


M
25""
23""
41""",999,no rating,no review, https://cdn.sastodeal.com/catalog/product/1/1/113_2.jpg,Clothing
1283,1283,Hills & Clouds Graphic Series Navy Blue T-Shirt (I Am Satisfied),"Crafted from a 100% High Quality Cotton
Breathable finish for your skin
Soft To The Touch
Collar Round Polo T-Shirt For Men
Machine Wash Hand wash",899,no rating,no review, https://cdn.sastodeal.com/catalog/product/1/1/113_2.jpg,Clothing
1284,1284,Hills & Clouds Graphic Series White T-Shirt (Tongba),"Crafted from a 100% High Quality Cotton
Breathable finish for your skin
Soft To The Touch
Collar Round Polo T-Shirt For Men
Machine Wash Hand wash",899,no rating,no review, https://cdn.sastodeal.com/catalog/product/1/1/113_2.jpg,Clothing
1285,1285,Hills & Clouds Graphic Series Light Blue T-Shirt (Tongba),"Crafted from a 100% High Quality Cotton
Breathable finish for your skin
Soft To The Touch
Collar Round Polo T-Shirt For Men
Machine Wash Hand wash",899,no rating,no review, https://cdn.sastodeal.com/catalog/product/1/1/113_2.jpg,Clothing
1286,1286,Hills & Clouds Graphic Series Grey T-Shirt (Tongba),"Crafted from a 100% High Quality Cotton
Breathable finish for your skin
Soft To The Touch
Collar Round Polo T-Shirt For Men
Machine Wash Hand wash",899,no rating,no review, https://cdn.sastodeal.com/catalog/product/1/1/113_2.jpg,Clothing
1287,1287,Hills & Clouds Graphic Series Maroon T-Shirt (Tongba),"Crafted from a 100% High Quality Cotton
Breathable finish for your skin
Soft To The Touch
Collar Round Polo T-Shirt For Men
Machine Wash Hand wash",899,no rating,no review, https://cdn.sastodeal.com/catalog/product/1/1/113_2.jpg,Clothing
1288,1288,Hills & Clouds Graphic Series Navy BLue T-Shirt (Tongba),"Crafted from a 100% High Quality Cotton
Breathable finish for your skin
Soft To The Touch
Collar Round Polo T-Shirt For Men
Machine Wash Hand wash",899,no rating,no review, https://cdn.sastodeal.com/catalog/product/1/1/113_2.jpg,Clothing
1289,1289,Hills & Clouds Echo Series White T-Shirt (Life Is Beautiful),"Crafted from a 100% High Quality Cotton
Breathable finish for your skin
Soft To The Touch
Collar Round Polo T-Shirt For Men
Machine Wash Hand wash",899,no rating,no review, https://cdn.sastodeal.com/catalog/product/1/1/113_2.jpg,Clothing
1290,1290,Hills & Clouds Echo Series Grey T-Shirt (Life Is Beautiful),"Crafted from a 100% High Quality Cotton
Breathable finish for your skin
Soft To The Touch
Collar Round Polo T-Shirt For Men
Machine Wash Hand wash",899,no rating,no review, https://cdn.sastodeal.com/catalog/product/1/1/113_2.jpg,Clothing
1291,1291,Hills & Clouds Echo Series Maroon T-Shirt (Life Is Beautiful),"Crafted from a 100% High Quality Cotton
Breathable finish for your skin
Soft To The Touch
Collar Round Polo T-Shirt For Men
Machine Wash Hand wash",899,no rating,no review, https://cdn.sastodeal.com/catalog/product/1/1/113_2.jpg,Clothing
1292,1292,Hills & Clouds Echo Series Navy Blue T-Shirt (Life Is Beautiful),"Crafted from a 100% High Quality Cotton
Breathable finish for your skin
Soft To The Touch
Collar Round Polo T-Shirt For Men
Machine Wash Hand wash",899,no rating,no review, https://cdn.sastodeal.com/catalog/product/1/1/113_2.jpg,Clothing
1293,1293,Akatsuki Anime Printed T-Shirt For Men And Women,"Brand: Nepali Bastra
Fabric: 100% Cotton
Neck: Round neck
Fit: Regular
Wash Care: Hand/Machine wash",399,no rating,no review, https://cdn.sastodeal.com/catalog/product/1/1/113_2.jpg,Clothing
1294,1294,Monkey D. Luffy Anime Printed T-Shirt For Men And Women,"Brand: Nepali Bastra
Fabric: 100% Cotton
Neck: Round neck
Fit: Regular
Wash Care: Hand/Machine wash",399,no rating,no review, https://cdn.sastodeal.com/catalog/product/1/1/113_2.jpg,Clothing
1295,1295,Camping T Shirt For Men And Women,"Brand: Nepali Bastra
Fabric: 100% Cotton
Neck: Round neck
Fit: Regular
Wash Care: Hand/Machine wash",399,no rating,no review, https://cdn.sastodeal.com/catalog/product/1/1/113_2.jpg,Clothing
1296,1296,Killua Anime Printed T-Shirt For Men And Women,"Brand: Nepali Bastra
Fabric: 100% Cotton
Neck: Round neck
Fit: Regular
Wash Care: Hand/Machine wash",399,no rating,no review, https://cdn.sastodeal.com/catalog/product/1/1/113_2.jpg,Clothing
1297,1297,Zoro Anime Printed T-Shirt For Men And Women,"Brand: Nepali Bastra
Fabric: 100% Cotton
Neck: Round neck
Fit: Regular
Wash Care: Hand/Machine wash",399,no rating,no review, https://cdn.sastodeal.com/catalog/product/1/1/113_2.jpg,Clothing
1298,1298,Dragon Ball Z Printed T-Shirt For Men And Women,"Brand: Nepali Bastra
Fabric: 100% Cotton
Neck: Round neck
Fit: Regular
Wash Care: Hand/Machine wash",399,no rating,no review, https://cdn.sastodeal.com/catalog/product/1/1/113_2.jpg,Clothing
1299,1299,Bella Ciao Printed T-Shirt For Men And Women,"Brand: Nepali Bastra
Fabric: 100% Cotton
Neck: Round neck
Fit: Regular
Wash Care: Hand/Machine wash",399,no rating,no review, https://cdn.sastodeal.com/catalog/product/1/1/113_2.jpg,Clothing
1300,1300,Luffy Anime Printed T-Shirt For Men And Women,"Brand: Nepali Bastra
Fabric: 100% Cotton
Neck: Round neck
Fit: Regular
Wash Care: Hand/Machine wash",399,no rating,no review, https://cdn.sastodeal.com/catalog/product/g/r/grey_cotton_shirt.jpg,Clothing
1301,1301,Halloween Printed T-Shirt For Men And Women,"Brand: Nepali Bastra
Fabric: 100% Cotton
Neck: Round neck
Fit: Regular
Wash Care: Hand/Machine wash",399,no rating,no review, https://cdn.sastodeal.com/catalog/product/g/r/grey_cotton_shirt.jpg,Clothing
1302,1302,Music Lovers Printed T-Shirt For Men And Women,"Brand: Nepali Bastra
Fabric: 100% Cotton
Neck: Round neck
Fit: Regular
Wash Care: Hand/Machine wash",399,no rating,no review, https://cdn.sastodeal.com/catalog/product/g/r/grey_cotton_shirt.jpg,Clothing
1303,1303,Pink Floyd Band Printed T-Shirt For Men And Women,"Brand: Nepali Bastra
Fabric: 100% Cotton
Neck: Round neck
Fit: Regular
Wash Care: Hand/Machine wash",399,no rating,1, https://cdn.sastodeal.com/catalog/product/g/r/grey_cotton_shirt.jpg,Clothing
1304,1304,The Doors Band Printed T-Shirt For Men And Women,"Brand: Nepali Bastra
Fabric: 100% Cotton
Neck: Round neck
Fit: Regular
Wash Care: Hand/Machine wash",399,no rating,no review, https://cdn.sastodeal.com/catalog/product/g/r/grey_cotton_shirt.jpg,Clothing
1305,1305,Alice In Chains Band Printed T-Shirt For Men And Women,"Brand: Nepali Bastra
Fabric: 100% Cotton
Neck: Round neck
Fit: Regular
Wash Care: Hand/Machine wash",399,no rating,no review, https://cdn.sastodeal.com/catalog/product/g/r/grey_cotton_shirt.jpg,Clothing
1306,1306,Slipknot Printed T-Shirt For Men And Women,"Brand: Nepali Bastra
Fabric: 100% Cotton
Neck: Round neck
Fit: Regular
Wash Care: Hand/Machine wash",399,no rating,no review, https://cdn.sastodeal.com/catalog/product/g/r/grey_cotton_shirt.jpg,Clothing
1307,1307,Valhalla Tokyo Revengers Printed T-Shirt For Men And Women,"Brand: Nepali Bastra
Fabric: 100% Cotton
Neck: Round neck
Fit: Regular
Wash Care: Hand/Machine wash",399,no rating,no review, https://cdn.sastodeal.com/catalog/product/g/r/grey_cotton_shirt.jpg,Clothing
1308,1308,Donald Duck Printed T-Shirt For Men And Women,"Brand: Nepali Bastra
Fabric: 100% Cotton
Neck: Round neck
Fit: Regular
Wash Care: Hand/Machine wash",399,no rating,no review, https://cdn.sastodeal.com/catalog/product/g/r/grey_cotton_shirt.jpg,Clothing
1309,1309,Demon Slayer Printed T-Shirt For Men And Women,"Brand: Nepali Bastra
Fabric: 100% Cotton
Neck: Round neck
Fit: Regular
Wash Care: Hand/Machine wash",399,no rating,no review, https://cdn.sastodeal.com/catalog/product/g/r/grey_cotton_shirt.jpg,Clothing
1310,1310,Mix Band Printed T-Shirt For Men And Women,"Brand: Nepali Bastra
Fabric: 100% Cotton
Neck: Round neck
Fit: Regular
Wash Care: Hand/Machine wash",399,no rating,no review, https://cdn.sastodeal.com/catalog/product/g/r/grey_cotton_shirt.jpg,Clothing
1311,1311,Jiraiya Anime Printed T-Shirt For Men And Women,"Brand: Nepali Bastra
Fabric: 100% Cotton
Neck: Round neck
Fit: Regular
Wash Care: Hand/Machine wash",399,no rating,no review, https://cdn.sastodeal.com/catalog/product/g/r/grey_cotton_shirt.jpg,Clothing
1312,1312,Attack On Titan Printed T-Shirt For Men And Women,"Brand: Nepali Bastra
Fabric: 100% Cotton
Neck: Round neck
Fit: Regular
Wash Care: Hand/Machine wash",399,no rating,no review, https://cdn.sastodeal.com/catalog/product/g/r/grey_cotton_shirt.jpg,Clothing
1313,1313,Jujutsu Kaisen Sukuna Printed T-Shirts For Men And Women,"Brand: Nepali Bastra
Fabric: 100% Cotton
Neck: Round neck
Fit: Regular
Wash Care: Hand/Machine wash",399,no rating,no review, https://cdn.sastodeal.com/catalog/product/g/r/grey_cotton_shirt.jpg,Clothing
1314,1314,Eminem Printed T-Shirt For Men And Women,"Brand: Nepali Bastra
Fabric: 100% Cotton
Neck: Round neck
Fit: Regular
Wash Care: Hand/Machine wash",399,no rating,no review, https://cdn.sastodeal.com/catalog/product/g/r/grey_cotton_shirt.jpg,Clothing
1315,1315,Senku Anime Printed T-Shirt For Men And Women,"Brand: Nepali Bastra
Fabric: 100% Cotton
Neck: Round neck
Fit: Regular
Wash Care: Hand/Machine wash",399,no rating,no review, https://cdn.sastodeal.com/catalog/product/g/r/grey_cotton_shirt.jpg,Clothing
1316,1316,HOLI DAY Tshirt,"SIZECHART




Size


Weight Range



M

63kg to 72kg



L

73kg to 84kg",199,no rating,no review, https://cdn.sastodeal.com/catalog/product/g/r/grey_cotton_shirt.jpg,Clothing
1317,1317,PLACE YOUR HANDS HERE! Holi Special Tshirt,"SIZECHART




Size


Weight Range



M

63kg to 72kg



L

73kg to 84kg",199,no rating,no review, https://cdn.sastodeal.com/catalog/product/g/r/grey_cotton_shirt.jpg,Clothing
1318,1318,Polo Tshirt for men,yes,9,no rating,no review, https://cdn.sastodeal.com/catalog/product/g/r/grey_cotton_shirt.jpg,Clothing
1319,1319,Shangrila Buy 1 Get 1 Free Plain T-shirt For Men - White,"Brand: Shangri-La
Material: Cotton

Sleeves: Half sleeves


Occasion: Casual


Fit: Regular


Round Neckline

Wash Care: Hand or Machine Wash; Donot Bleach






Best for the casual summer wear.
 T-shirt Size according to weight



Size
Weight Range


XS
44kg to 52 kg


S
53kg to 62kg


M
63kg to 72kg


L
73kg to 84kg


XL
84kg to 92kg


2XL
93kg to 98kg


3XL
98.5kg to 110kg",499,no rating,no review, https://cdn.sastodeal.com/catalog/product/g/r/grey_cotton_shirt.jpg,Clothing
1320,1320,Shangrila Buy 1 Get 1 Free Plain T-shirt For Men - Maroon And Black,"Brand: Shangri-La
Material: Cotton

Sleeves: Half sleeves


Occasion: Casual


Fit: Regular


Round Neckline

Wash Care: Hand or Machine Wash; Donot Bleach






Best for the casual summer wear.
 T-shirt Size according to weight



Size
Weight Range


XS
44kg to 52 kg


S
53kg to 62kg


M
63kg to 72kg


L
73kg to 84kg


XL
84kg to 92kg


2XL
93kg to 98kg


3XL
98.5kg to 110kg",499,no rating,no review, https://cdn.sastodeal.com/catalog/product/17334/BF-JACKET-10/19a.jpg,Clothing
1321,1321,Shangrila Buy 1 Get 1 Free Plain T-shirt For Men - Blue And Black,"Brand: Shangri-La
Material: Cotton

Sleeves: Half sleeves


Occasion: Casual


Fit: Regular


Round Neckline

Wash Care: Hand or Machine Wash; Donot Bleach






Best for the casual summer wear.
 T-shirt Size according to weight



Size
Weight Range


XS
44kg to 52 kg


S
53kg to 62kg


M
63kg to 72kg


L
73kg to 84kg


XL
84kg to 92kg


2XL
93kg to 98kg


3XL
98.5kg to 110kg",499,no rating,no review, https://cdn.sastodeal.com/catalog/product/17334/BF-JACKET-10/19a.jpg,Clothing
1322,1322,Shangrila Buy 1 Get 1 Free Plain T-shirt For Men - White And Black,"Brand: Shangri-La
Material: Cotton

Sleeves: Half sleeves


Occasion: Casual


Fit: Regular


Round Neckline

Wash Care: Hand or Machine Wash; Donot Bleach






Best for the casual summer wear.
 T-shirt Size according to weight



Size
Weight Range


XS
44kg to 52 kg


S
53kg to 62kg


M
63kg to 72kg


L
73kg to 84kg


XL
84kg to 92kg


2XL
93kg to 98kg


3XL
98.5kg to 110kg",499,no rating,no review, https://cdn.sastodeal.com/catalog/product/17334/BF-JACKET-10/19a.jpg,Clothing
1323,1323,Pack Of 4 Anime Printed Tshirt,"Please check the size chart before purchase
Material: Cotton
Neck Type: Round Neck
Sleeves: half Sleeve
Style: Plain
Fit: Loose Fit
Type: Unisex",1499,no rating,no review, https://cdn.sastodeal.com/catalog/product/17334/BF-JACKET-10/19a.jpg,Clothing
1324,1324,Pack Of 4 Anime Printed Tshirt,"Please check the size chart before purchase
Material: Cotton
Neck Type: Round Neck
Sleeves: half Sleeve
Style: Plain
Fit: Loose Fit
Type: Unisex",1499,no rating,no review, https://cdn.sastodeal.com/catalog/product/17334/BF-JACKET-10/19a.jpg,Clothing
1325,1325,Pack Of 2 Anime Printed Tshirt,"Please check the size chart before purchase
Material: Cotton
Neck Type: Round Neck
Sleeves: half Sleeve
Style: Plain
Fit: Loose Fit
Type: Unisex",899,no rating,no review, https://cdn.sastodeal.com/catalog/product/17334/BF-JACKET-10/19a.jpg,Clothing
1326,1326,Pack Of 2 Anime Printed Tshirt,"Please check the size chart before purchase
Material: Cotton
Neck Type: Round Neck
Sleeves: half Sleeve
Style: Plain
Fit: Loose Fit
Type: Unisex",899,no rating,no review, https://cdn.sastodeal.com/catalog/product/17334/BF-JACKET-10/19a.jpg,Clothing
1327,1327,Pack Of 2 Anime Printed Tshirt,"Please check the size chart before purchase
Material: Cotton
Neck Type: Round Neck
Sleeves: half Sleeve
Style: Plain
Fit: Loose Fit
Type: Unisex",1200,no rating,no review, https://cdn.sastodeal.com/catalog/product/17334/BF-JACKET-10/19a.jpg,Clothing
1328,1328,Pack Of 2 Anime Printed Tshirt,"Please check the size chart before purchase
Material: Cotton
Neck Type: Round Neck
Sleeves: half Sleeve
Style: Plain
Fit: Loose Fit
Type: Unisex",1200,no rating,no review, https://cdn.sastodeal.com/catalog/product/17334/BF-JACKET-10/19a.jpg,Clothing
1329,1329,Pack Of 2 Anime Printed Tshirt,"Please check the size chart before purchase
Material: Cotton
Neck Type: Round Neck
Sleeves: half Sleeve
Style: Plain
Fit: Loose Fit
Type: Unisex",899,no rating,no review, https://cdn.sastodeal.com/catalog/product/17334/BF-JACKET-10/19a.jpg,Clothing
1330,1330,Pack Of 2 Anime Printed Tshirt,"Please check the size chart before purchase
Material: Cotton
Neck Type: Round Neck
Sleeves: half Sleeve
Style: Plain
Fit: Loose Fit
Type: Unisex",899,no rating,no review, https://cdn.sastodeal.com/catalog/product/17334/BF-JACKET-10/19a.jpg,Clothing
1331,1331,100% Cotton Printed T Shirt For Men,"Please check the size chart before purchase
Material: Cotton
Neck Type: Round Neck
Sleeves: half Sleeve
Style: Plain
Fit: Loose Fit
Type: Unisex",499,no rating,no review, https://cdn.sastodeal.com/catalog/product/17334/BF-JACKET-10/19a.jpg,Clothing
1332,1332,100% Cotton Printed T Shirt For Men,"Please check the size chart before purchase
Material: Cotton
Neck Type: Round Neck
Sleeves: half Sleeve
Style: Plain
Fit: Loose Fit
Type: Unisex",499,no rating,no review, https://cdn.sastodeal.com/catalog/product/17334/BF-JACKET-10/19a.jpg,Clothing
1333,1333,100% Cotton Printed T Shirt For Men,"Please check the size chart before purchase
Material: Cotton
Neck Type: Round Neck
Sleeves: half Sleeve
Style: Plain
Fit: Loose Fit
Type: Unisex",499,no rating,no review, https://cdn.sastodeal.com/catalog/product/17334/BF-JACKET-10/19a.jpg,Clothing
1334,1334,100% Cotton Printed T Shirt For Men,"Please check the size chart before purchase
Material: Cotton
Neck Type: Round Neck
Sleeves: half Sleeve
Style: Plain
Fit: Loose Fit
Type: Unisex",600,no rating,no review, https://cdn.sastodeal.com/catalog/product/17334/BF-JACKET-10/19a.jpg,Clothing
1335,1335,100% Cotton Printed T Shirt For Men,"Please check the size chart before purchase
Material: Cotton
Neck Type: Round Neck
Sleeves: half Sleeve
Style: Plain
Fit: Loose Fit
Type: Unisex",600,no rating,no review, https://cdn.sastodeal.com/catalog/product/17334/BF-JACKET-10/19a.jpg,Clothing
1336,1336,100% Cotton Printed T Shirt For Men,"Please check the size chart before purchase
Material: Cotton
Neck Type: Round Neck
Sleeves: half Sleeve
Style: Plain
Fit: Loose Fit
Type: Unisex",499,no rating,no review, https://cdn.sastodeal.com/catalog/product/17334/BF-JACKET-10/19a.jpg,Clothing
1337,1337,100% Cotton Printed T Shirt For Men,"Please check the size chart before purchase
Material: Cotton
Neck Type: Round Neck
Sleeves: half Sleeve
Style: Plain
Fit: Loose Fit
Type: Unisex",499,no rating,no review, https://cdn.sastodeal.com/catalog/product/17334/BF-JACKET-10/19a.jpg,Clothing
1338,1338,100% Cotton Printed T Shirt For Men,"Please check the size chart before purchase
Material: Cotton
Neck Type: Round Neck
Sleeves: half Sleeve
Style: Plain
Fit: Loose Fit
Type: Unisex",499,no rating,no review, https://cdn.sastodeal.com/catalog/product/17334/BF-JACKET-10/19a.jpg,Clothing
1339,1339,100% Cotton Printed T Shirt For Men,"Please check the size chart before purchase
Material: Cotton
Neck Type: Round Neck
Sleeves: half Sleeve
Style: Plain
Fit: Loose Fit
Type: Unisex",499,no rating,no review, https://cdn.sastodeal.com/catalog/product/17334/BF-JACKET-10/19a.jpg,Clothing
1340,1340,100% Cotton Printed T Shirt For Men,"Please check the size chart before purchase
Material: Cotton
Neck Type: Round Neck
Sleeves: half Sleeve
Style: Plain
Fit: Loose Fit
Type: Unisex",499,no rating,no review, https://cdn.sastodeal.com/catalog/product/17333/BJRNG-FN-OO6/29a.jpg,Clothing
1341,1341,100% Cotton Printed T Shirt For Men,"Please check the size chart before purchase
Material: Cotton
Neck Type: Round Neck
Sleeves: half Sleeve
Style: Plain
Fit: Loose Fit
Type: Unisex",499,no rating,no review, https://cdn.sastodeal.com/catalog/product/17333/BJRNG-FN-OO6/29a.jpg,Clothing
1342,1342,100% Cotton Printed T Shirt For Men,"Please check the size chart before purchase
Material: Cotton
Neck Type: Round Neck
Sleeves: half Sleeve
Style: Plain
Fit: Loose Fit
Type: Unisex",499,no rating,no review, https://cdn.sastodeal.com/catalog/product/17333/BJRNG-FN-OO6/29a.jpg,Clothing
1343,1343,100% Cotton Printed T Shirt For Men,"Please check the size chart before purchase
Material: Cotton
Neck Type: Round Neck
Sleeves: half Sleeve
Style: Plain
Fit: Loose Fit
Type: Unisex",499,no rating,no review, https://cdn.sastodeal.com/catalog/product/17333/BJRNG-FN-OO6/29a.jpg,Clothing
